Workbook

Sheet Instrucciones
A1: T1 · Planilla de captura — revisión retrospectiva de 10 iniciativas
A2: Test T1 de product/tests/2026-10-17-1210-desvio-estimacion-diseno.md. Las reglas de clasificación están en 01-hoja-de-definiciones.md.
A4: Cómo llenarla
A5: 1. Pestaña Iniciativas: anotar las 10 iniciativas en orden, de la más reciente hacia atrás, sin saltarse ninguna. Anotar en Resultado la fecha en que se cerró la lista, antes de revisar cualquier cambio.
A6: 2. Pestaña Cambios, columnas de hechos (B a J): una fila por cada cambio que aparezca en documentos o entrevistas. Las llena Pancho.
A7: 3. Clasificación ciega: cada clasificador trabaja en su propia copia del archivo y llena solo su columna (O o P) con Detectable / No detectable, sin ver la del otro. Después se pega la columna P de la copia de B en este archivo.
A8: 4. Con las dos columnas juntas, el acuerdo inicial queda calculado (columna Q). Recién entonces se conversan los desacuerdos y se llenan L, M, N (lo acordado), R (clasificación final) y S (cómo se resolvió).
A9: 5. La pestaña Resultado calcula la señal, las condiciones de validez y qué dice la regla de decisión. La decisión se registra después, con /analyze-solution-tests.
A11: Leyenda
A12: Celda amarilla: se llena a mano.
A13: Celda gris: fórmula, no se edita.
A14: Los umbrales de la pestaña Resultado vienen del diseño del test y no se cambian. Si hubiera que moverlos, se registra en product/corrections.md.
A16: Fila de ejemplo (DATOS FICTICIOS, solo para mostrar el formato; no se copia a la planilla)
A17: ID cambio | B17: ID iniciativa | C17: Qué cambió | D17: Fecha del cambio | E17: Inicio del diseño | F17: ¿Después del inicio? | G17: Quién lo pidió | H17: Origen | I17: ¿Obligó a rehacer diseño? | J17: Qué se rehízo | K17: ¿Cuenta como cambio? | L17: Ítem del criterio | M17: ¿Validado al inicio? | N17: Fuente de la validación | O17: Clasificación A (Pancho) | P17: Clasificación B | Q17: ¿Acuerdo inicial? | R17: Clasificación final | S17: Cómo se resolvió | T17: Fuentes
A18: C01 | B18: I01 | C18: [FICTICIO] Negocio cambia el tope del descuento por convenio | D18: 2026-03-12 | E18: 2026-03-02 | F18: Sí | G18: Subgerente comercial | H18: Pedido o redefinición | I18: Sí | J18: Pantalla de resumen y mensaje de error | K18: Sí | L18: 1 Reglas de negocio | M18: No | N18: Sin registro de la regla antes del 02-03 (Confluence revisado) | O18: Detectable | P18: Detectable | Q18: Sí | R18: Detectable | S18: — | T18: JIRA-123; entrevista diseñador 2026-10-20

Sheet Iniciativas
A1: Orden | B1: ID iniciativa | C1: Iniciativa | D1: Fecha de cierre | E1: Diseño planificado (misma unidad que el real) | F1: Diseño real | G1: Desvío | H1: ¿Desvío ≥ 30%? | I1: Fuente del desvío | J1: Inicio del diseño | K1: Fuente del inicio | L1: Diseñador entrevistado | M1: PO entrevistada | N1: Procedencia | O1: Cambios que cuentan | P1: Notas
A2: 1 | B2: I01 | G2: =IF(AND(ISNUMBER(E2),E2>0,ISNUMBER(F2)),F2/E2-1,"") | H2: =IF(G2="","",IF(G2>=Resultado!$C$5,"Sí","No")) | N2: real | O2: =COUNTIFS(Cambios!$B$2:$B$201,B2,Cambios!$K$2:$K$201,"Sí") -> 0
A3: 2 | B3: I02 | G3: =IF(AND(ISNUMBER(E3),E3>0,ISNUMBER(F3)),F3/E3-1,"") | H3: =IF(G3="","",IF(G3>=Resultado!$C$5,"Sí","No")) | N3: real | O3: =COUNTIFS(Cambios!$B$2:$B$201,B3,Cambios!$K$2:$K$201,"Sí") -> 0
A4: 3 | B4: I03 | G4: =IF(AND(ISNUMBER(E4),E4>0,ISNUMBER(F4)),F4/E4-1,"") | H4: =IF(G4="","",IF(G4>=Resultado!$C$5,"Sí","No")) | N4: real | O4: =COUNTIFS(Cambios!$B$2:$B$201,B4,Cambios!$K$2:$K$201,"Sí") -> 0
A5: 4 | B5: I04 | G5: =IF(AND(ISNUMBER(E5),E5>0,ISNUMBER(F5)),F5/E5-1,"") | H5: =IF(G5="","",IF(G5>=Resultado!$C$5,"Sí","No")) | N5: real | O5: =COUNTIFS(Cambios!$B$2:$B$201,B5,Cambios!$K$2:$K$201,"Sí") -> 0
A6: 5 | B6: I05 | G6: =IF(AND(ISNUMBER(E6),E6>0,ISNUMBER(F6)),F6/E6-1,"") | H6: =IF(G6="","",IF(G6>=Resultado!$C$5,"Sí","No")) | N6: real | O6: =COUNTIFS(Cambios!$B$2:$B$201,B6,Cambios!$K$2:$K$201,"Sí") -> 0
A7: 6 | B7: I06 | G7: =IF(AND(ISNUMBER(E7),E7>0,ISNUMBER(F7)),F7/E7-1,"") | H7: =IF(G7="","",IF(G7>=Resultado!$C$5,"Sí","No")) | N7: real | O7: =COUNTIFS(Cambios!$B$2:$B$201,B7,Cambios!$K$2:$K$201,"Sí") -> 0
A8: 7 | B8: I07 | G8: =IF(AND(ISNUMBER(E8),E8>0,ISNUMBER(F8)),F8/E8-1,"") | H8: =IF(G8="","",IF(G8>=Resultado!$C$5,"Sí","No")) | N8: real | O8: =COUNTIFS(Cambios!$B$2:$B$201,B8,Cambios!$K$2:$K$201,"Sí") -> 0
A9: 8 | B9: I08 | G9: =IF(AND(ISNUMBER(E9),E9>0,ISNUMBER(F9)),F9/E9-1,"") | H9: =IF(G9="","",IF(G9>=Resultado!$C$5,"Sí","No")) | N9: real | O9: =COUNTIFS(Cambios!$B$2:$B$201,B9,Cambios!$K$2:$K$201,"Sí") -> 0
A10: 9 | B10: I09 | G10: =IF(AND(ISNUMBER(E10),E10>0,ISNUMBER(F10)),F10/E10-1,"") | H10: =IF(G10="","",IF(G10>=Resultado!$C$5,"Sí","No")) | N10: real | O10: =COUNTIFS(Cambios!$B$2:$B$201,B10,Cambios!$K$2:$K$201,"Sí") -> 0
A11: 10 | B11: I10 | G11: =IF(AND(ISNUMBER(E11),E11>0,ISNUMBER(F11)),F11/E11-1,"") | H11: =IF(G11="","",IF(G11>=Resultado!$C$5,"Sí","No")) | N11: real | O11: =COUNTIFS(Cambios!$B$2:$B$201,B11,Cambios!$K$2:$K$201,"Sí") -> 0
C13: Procedencia: real = el diseñador y la PO que trabajaron en esa iniciativa. stand-in = otra persona respondió por ellos; anotar quién en Notas.
C14: Desvío = real / planificado − 1. Si el desvío viene del diseñador y la PO y no de Jira, anotar los dos números que dieron.
C15: La lista se cierra antes de revisar cualquier cambio: después no entra ni sale ninguna iniciativa.

Sheet Cambios
A1: ID cambio | B1: ID iniciativa | C1: Qué cambió | D1: Fecha del cambio | E1: Inicio del diseño | F1: ¿Después del inicio? | G1: Quién lo pidió | H1: Origen | I1: ¿Obligó a rehacer diseño? | J1: Qué se rehízo | K1: ¿Cuenta como cambio? | L1: Ítem del criterio (acordado) | M1: ¿Validado al inicio? (acordado) | N1: Fuente de la validación | O1: Clasificación A (Pancho) | P1: Clasificación B | Q1: ¿Acuerdo inicial? | R1: Clasificación final | S1: Cómo se resolvió | T1: Fuentes (documentos y entrevistas)
A2: C001 | E2: =IF(B2="","",IFERROR(INDEX(Iniciativas!$J$2:$J$11,MATCH(B2,Iniciativas!$B$2:$B$11,0)),"")) | F2: =IF(OR(NOT(ISNUMBER(D2)),NOT(ISNUMBER(E2))),"",IF(D2>E2,"Sí","No")) | K2: =IF(OR(F2="",I2=""),"",IF(AND(F2="Sí",I2="Sí"),"Sí","No")) | Q2: =IF(OR(O2="",P2=""),"",IF(O2=P2,"Sí","No"))
A3: C002 | E3: =IF(B3="","",IFERROR(INDEX(Iniciativas!$J$2:$J$11,MATCH(B3,Iniciativas!$B$2:$B$11,0)),"")) | F3: =IF(OR(NOT(ISNUMBER(D3)),NOT(ISNUMBER(E3))),"",IF(D3>E3,"Sí","No")) | K3: =IF(OR(F3="",I3=""),"",IF(AND(F3="Sí",I3="Sí"),"Sí","No")) | Q3: =IF(OR(O3="",P3=""),"",IF(O3=P3,"Sí","No"))
A4: C003 | E4: =IF(B4="","",IFERROR(INDEX(Iniciativas!$J$2:$J$11,MATCH(B4,Iniciativas!$B$2:$B$11,0)),"")) | F4: =IF(OR(NOT(ISNUMBER(D4)),NOT(ISNUMBER(E4))),"",IF(D4>E4,"Sí","No")) | K4: =IF(OR(F4="",I4=""),"",IF(AND(F4="Sí",I4="Sí"),"Sí","No")) | Q4: =IF(OR(O4="",P4=""),"",IF(O4=P4,"Sí","No"))
A5: C004 | E5: =IF(B5="","",IFERROR(INDEX(Iniciativas!$J$2:$J$11,MATCH(B5,Iniciativas!$B$2:$B$11,0)),"")) | F5: =IF(OR(NOT(ISNUMBER(D5)),NOT(ISNUMBER(E5))),"",IF(D5>E5,"Sí","No")) | K5: =IF(OR(F5="",I5=""),"",IF(AND(F5="Sí",I5="Sí"),"Sí","No")) | Q5: =IF(OR(O5="",P5=""),"",IF(O5=P5,"Sí","No"))
A6: C005 | E6: =IF(B6="","",IFERROR(INDEX(Iniciativas!$J$2:$J$11,MATCH(B6,Iniciativas!$B$2:$B$11,0)),"")) | F6: =IF(OR(NOT(ISNUMBER(D6)),NOT(ISNUMBER(E6))),"",IF(D6>E6,"Sí","No")) | K6: =IF(OR(F6="",I6=""),"",IF(AND(F6="Sí",I6="Sí"),"Sí","No")) | Q6: =IF(OR(O6="",P6=""),"",IF(O6=P6,"Sí","No"))
A7: C006 | E7: =IF(B7="","",IFERROR(INDEX(Iniciativas!$J$2:$J$11,MATCH(B7,Iniciativas!$B$2:$B$11,0)),"")) | F7: =IF(OR(NOT(ISNUMBER(D7)),NOT(ISNUMBER(E7))),"",IF(D7>E7,"Sí","No")) | K7: =IF(OR(F7="",I7=""),"",IF(AND(F7="Sí",I7="Sí"),"Sí","No")) | Q7: =IF(OR(O7="",P7=""),"",IF(O7=P7,"Sí","No"))
A8: C007 | E8: =IF(B8="","",IFERROR(INDEX(Iniciativas!$J$2:$J$11,MATCH(B8,Iniciativas!$B$2:$B$11,0)),"")) | F8: =IF(OR(NOT(ISNUMBER(D8)),NOT(ISNUMBER(E8))),"",IF(D8>E8,"Sí","No")) | K8: =IF(OR(F8="",I8=""),"",IF(AND(F8="Sí",I8="Sí"),"Sí","No")) | Q8: =IF(OR(O8="",P8=""),"",IF(O8=P8,"Sí","No"))
A9: C008 | E9: =IF(B9="","",IFERROR(INDEX(Iniciativas!$J$2:$J$11,MATCH(B9,Iniciativas!$B$2:$B$11,0)),"")) | F9: =IF(OR(NOT(ISNUMBER(D9)),NOT(ISNUMBER(E9))),"",IF(D9>E9,"Sí","No")) | K9: =IF(OR(F9="",I9=""),"",IF(AND(F9="Sí",I9="Sí"),"Sí","No")) | Q9: =IF(OR(O9="",P9=""),"",IF(O9=P9,"Sí","No"))
A10: C009 | E10: =IF(B10="","",IFERROR(INDEX(Iniciativas!$J$2:$J$11,MATCH(B10,Iniciativas!$B$2:$B$11,0)),"")) | F10: =IF(OR(NOT(ISNUMBER(D10)),NOT(ISNUMBER(E10))),"",IF(D10>E10,"Sí","No")) | K10: =IF(OR(F10="",I10=""),"",IF(AND(F10="Sí",I10="Sí"),"Sí","No")) | Q10: =IF(OR(O10="",P10=""),"",IF(O10=P10,"Sí","No"))
A11: C010 | E11: =IF(B11="","",IFERROR(INDEX(Iniciativas!$J$2:$J$11,MATCH(B11,Iniciativas!$B$2:$B$11,0)),"")) | F11: =IF(OR(NOT(ISNUMBER(D11)),NOT(ISNUMBER(E11))),"",IF(D11>E11,"Sí","No")) | K11: =IF(OR(F11="",I11=""),"",IF(AND(F11="Sí",I11="Sí"),"Sí","No")) | Q11: =IF(OR(O11="",P11=""),"",IF(O11=P11,"Sí","No"))
A12: C011 | E12: =IF(B12="","",IFERROR(INDEX(Iniciativas!$J$2:$J$11,MATCH(B12,Iniciativas!$B$2:$B$11,0)),"")) | F12: =IF(OR(NOT(ISNUMBER(D12)),NOT(ISNUMBER(E12))),"",IF(D12>E12,"Sí","No")) | K12: =IF(OR(F12="",I12=""),"",IF(AND(F12="Sí",I12="Sí"),"Sí","No")) | Q12: =IF(OR(O12="",P12=""),"",IF(O12=P12,"Sí","No"))
A13: C012 | E13: =IF(B13="","",IFERROR(INDEX(Iniciativas!$J$2:$J$11,MATCH(B13,Iniciativas!$B$2:$B$11,0)),"")) | F13: =IF(OR(NOT(ISNUMBER(D13)),NOT(ISNUMBER(E13))),"",IF(D13>E13,"Sí","No")) | K13: =IF(OR(F13="",I13=""),"",IF(AND(F13="Sí",I13="Sí"),"Sí","No")) | Q13: =IF(OR(O13="",P13=""),"",IF(O13=P13,"Sí","No"))
... A201: C200 | E201: =IF(B201="","",IFERROR(INDEX(Iniciativas!$J$2:$J$11,MATCH(B201,Iniciativas!$B$2:$B$11,0)),"")) | F201: =IF(OR(NOT(ISNUMBER(D201)),NOT(ISNUMBER(E201))),"",IF(D201>E201,"Sí","No")) | K201: =IF(OR(F201="",I201=""),"",IF(AND(F201="Sí",I201="Sí"),"Sí","No")) | Q201: =IF(OR(O201="",P201=""),"",IF(O201=P201,"Sí","No"))

Sheet Resultado
B1: T1 · Resultado
B2: La decisión no se toma aquí: esta pestaña calcula la señal y la lee contra el umbral escrito en el diseño. La decisión se registra con /analyze-solution-tests.
B4: Umbrales fijados en el diseño del test (no se editan)
B5: Desvío mínimo para entrar a la lista | C5: 0.3 | D5: Fuente: T1, paso 2.
B6: Umbral de detección para continue | C6: 0.6 | D6: Fuente: T1, señal y umbral.
B7: Límite inferior para change (bajo esto, discard) | C7: 0.4 | D7: Fuente: T1, regla de decisión.
B8: Mínimo de iniciativas con cambios documentados | C8: 6 | D8: Fuente: T1, condición de validez.
B9: Mínimo de cambios en total | C9: 10 | D9: Fuente: T1, condición de validez.
B10: Mínimo de acuerdo inicial entre clasificadores | C10: 0.7 | D10: Fuente: T1, condición de validez.
B12: Fechas del procedimiento
B13: Definiciones fijadas el | D13: Tiene que ser anterior a abrir cualquier iniciativa.
B14: Lista de iniciativas cerrada el | D14: Tiene que ser anterior a revisar cualquier cambio.
B15: Acuerdo inicial calculado el | D15: Antes de conversar los desacuerdos.
B17: Conteos
B18: Iniciativas en la lista | C18: =COUNTA(Iniciativas!$C$2:$C$11) -> 0
B19: Iniciativas con desvío ≥ 30% | C19: =COUNTIF(Iniciativas!$H$2:$H$11,"Sí") -> 0 | D19: Debería ser igual a la fila anterior.
B20: Iniciativas con al menos un cambio que cuenta | C20: =COUNTIF(Iniciativas!$O$2:$O$11,">0") -> 0
B21: Cambios que cuentan (denominador) | C21: =COUNTIF(Cambios!$K$2:$K$201,"Sí") -> 0 | D21: Pedidos después del inicio del diseño y que obligaron a rehacer diseño.
B22: Cambios con las dos clasificaciones (A y B) | C22: =COUNTIFS(Cambios!$K$2:$K$201,"Sí",Cambios!$O$2:$O$201,"?*",Cambios!$P$2:$P$201,"?*") -> 0
B23: Cambios en que A y B coincidieron | C23: =COUNTIFS(Cambios!$K$2:$K$201,"Sí",Cambios!$Q$2:$Q$201,"Sí") -> 0
B24: Cambios con clasificación final | C24: =COUNTIFS(Cambios!$K$2:$K$201,"Sí",Cambios!$R$2:$R$201,"?*") -> 0
B25: Cambios detectables (clasificación final) | C25: =COUNTIFS(Cambios!$K$2:$K$201,"Sí",Cambios!$R$2:$R$201,"Detectable") -> 0
B27: Señal
B28: Acuerdo inicial | C28: =IF(C22=0,"",C23/C22)
B29: Cambios detectables sobre el total (la señal) | C29: =IF(C21=0,"",C25/C21)
B31: Condiciones de validez
B32: Al menos 6 iniciativas con cambios documentados | C32: =IF(C20>=C8,"Sí","No") -> No
B33: Al menos 10 cambios en total | C33: =IF(C21>=C9,"Sí","No") -> No
B34: Acuerdo inicial de 70% o más | C34: =IF(C28="","No",IF(C28>=C10,"Sí","No")) -> No
B35: Todos los cambios tienen clasificación final | C35: =IF(AND(C21>0,C24=C21),"Sí","No") -> No
B37: Lectura según la regla de decisión del diseño
B38: Resultado del test | C38: =IF(C35="No","falta completar",IF(OR(C32="No",C33="No",C34="No"),"inconclusive",IF(C29>=C6,"passed","failed"))) -> falta completar | D38: passed = 60% o más. Bajo 60% el test no pasa, y la regla distingue change de discard (fila siguiente).
B39: Lo que indica la regla | C39: =IF(C38="falta completar","",IF(C38="inconclusive","inconclusive: no se decide con este resultado",IF(C29>=C6,"continue → T2",IF(C29>=C7,"change → criterio limitado a los ítems que detectaron cambios, A3 para el resto; la versión combinada necesita su propio test","discard → pasa A3; T2 no se corre"))))
B41: Detectables por ítem (para leer un posible change)
B42: 1 Reglas de negocio | C42: =COUNTIFS(Cambios!$K$2:$K$201,"Sí",Cambios!$L$2:$L$201,"1 Reglas de negocio",Cambios!$R$2:$R$201,"Detectable") -> 0 | D42: La regla de change pide limitar el criterio a los ítems que sí detectaron cambios.
B43: 2 Legal o compliance | C43: =COUNTIFS(Cambios!$K$2:$K$201,"Sí",Cambios!$L$2:$L$201,"2 Legal o compliance",Cambios!$R$2:$R$201,"Detectable") -> 0
B44: 3 Alcance | C44: =COUNTIFS(Cambios!$K$2:$K$201,"Sí",Cambios!$L$2:$L$201,"3 Alcance",Cambios!$R$2:$R$201,"Detectable") -> 0
